timestamp,group_name,message_text,user_id,is_buy,is_sell,has_target,has_sl
2026-04-18 05:24:59+00:00,nifty_banknifty_zero_to_hero1,"🔤🔤🔤🔤🔤 Trading Channel Join 🔽🔽

https://t.me/+IIu0NjZj_05mZTg1",-1002135264973,False,False,False,False
2026-04-17 19:45:44+00:00,nifty_banknifty_zero_to_hero1,Account handling work done,-1002135264973,False,False,False,False
2026-04-17 15:59:05+00:00,nifty_banknifty_zero_to_hero1,1 lakh 17 k profit book check ✅✅  isko accuracy bolte,-1002135264973,False,False,False,False
2026-04-17 15:39:44+00:00,nifty_banknifty_zero_to_hero1,"Crudeoil trade in our premium group 

Kar diya miss🙈🙈🙈

Buy 220

Profit booked @ 255 ❤️❤️❤️

Almost All tgt done ✅ ✅ 

Big profit done ✅ ✅ 

Evening  session profit 

If you want level in all type of segments ..join our premium channel",-1002135264973,True,False,False,False
2026-04-17 15:39:00+00:00,nifty_banknifty_zero_to_hero1,Full advance entry tha,-1002135264973,False,False,False,False
2026-04-17 13:32:31+00:00,nifty_banknifty_zero_to_hero1,Again take entry 246 above ✅,-1002135264973,False,False,False,False
2026-04-17 13:11:27+00:00,nifty_banknifty_zero_to_hero1,"CRUDEOIL 6800 PE
BUY ABOVE 231
TGT paid 
SL paid",-1002135264973,True,False,False,True
2026-04-17 13:01:03+00:00,nifty_banknifty_zero_to_hero1,"Crudeoil trade in our premium group 

Kar diya miss🙈🙈🙈

Buy 215

Profit booked @ 340 ❤️❤️❤️

All tgt done ✅ ✅ 

Big profit done ✅ ✅ 

Evening  session profit 

If you want level in all type of segments ..join our  premium channel",-1002135264973,True,False,False,False
2026-04-17 12:55:23+00:00,nifty_banknifty_zero_to_hero1,CRUDEOIL ka dhmaka trade KR diya na miss 😅👇,-1002135264973,False,False,False,False
2026-04-17 04:14:12+00:00,nifty_banknifty_zero_to_hero1,"MARUTI 13800 CE 

Buy above 200

Tgt paid 

Sl paid",-1002135264973,True,False,False,True
2026-04-16 13:58:10+00:00,nifty_banknifty_zero_to_hero1,"178 to 244

Kyu Aaya maza 😍😍",-1002135264973,False,False,False,False
2026-04-16 13:51:50+00:00,nifty_banknifty_zero_to_hero1,"CRUDEOIL 8500 CE
BUY ABOVE 178
TGT  paid
SL paid",-1002135264973,True,False,False,True
2026-04-16 11:19:44+00:00,nifty_banknifty_zero_to_hero1,Profit in crudeoil oil by my premium client,-1002135264973,False,False,False,False
2026-04-16 11:13:03+00:00,nifty_banknifty_zero_to_hero1,"EK OR CRUDEOIL  TRADE IN PREMIUM GROUP 

BUY 215 

PROFIT BOOKED 280 

60++points profit booked 


Join our vip (premium ) community  

And start trading in all segments",-1002135264973,True,False,False,False
2026-04-16 11:09:27+00:00,nifty_banknifty_zero_to_hero1,Crudeoil  session running in premium group,-1002135264973,False,False,False,False
2026-04-16 09:19:30+00:00,nifty_banknifty_zero_to_hero1,"30 to 60

MONEY double 😍😍",-1002135264973,False,False,False,False
2026-04-16 09:15:36+00:00,nifty_banknifty_zero_to_hero1,"Sensex 78200 CE 

Buy above 30

Tgt paid 

Sl paid",-1002135264973,True,False,False,True
2026-04-16 08:59:38+00:00,nifty_banknifty_zero_to_hero1,My premium client reviews,-1002135264973,False,False,False,False
2026-04-16 08:57:04+00:00,nifty_banknifty_zero_to_hero1,Back to back profitable trade chal rha,-1002135264973,False,False,False,False
2026-04-16 08:50:53+00:00,nifty_banknifty_zero_to_hero1,Again take entry 187 above ✅,-1002135264973,False,False,False,False
2026-04-16 08:48:13+00:00,nifty_banknifty_zero_to_hero1,"Sensex 78000 pe

Buy above 162

Tgt paid

Sl paid",-1002135264973,True,False,False,True
2026-04-16 08:27:07+00:00,nifty_banknifty_zero_to_hero1,"One more trade in premium 

Kar diya miss 

Buy 60

Trade running  126 ++

money double 😍 😍 

Dear traders. 
Dont waste your time and money with looser adviser 

Join our community  and start profitable trading",-1002135264973,True,False,False,False
2026-04-16 08:23:51+00:00,nifty_banknifty_zero_to_hero1,Premium group ka trade dekhna h 👇👇,-1002135264973,False,False,False,False
2026-04-16 07:07:16+00:00,nifty_banknifty_zero_to_hero1,"SENSEX 77600 PE 
Buy above 100
Tgt paid 
Sl paid",-1002135264973,True,False,False,True
2026-04-16 06:25:38+00:00,nifty_banknifty_zero_to_hero1,"Check kro 

Same trade in premium group 


Buy 325

Profit booked 480


All target done 

Full Advance trade ❤️❤️❤️

Dear traders 

Dont waste your time and money with looser adviser 

Join our premium channel and start profitable trading",-1002135264973,True,False,True,False
2026-04-16 06:22:27+00:00,nifty_banknifty_zero_to_hero1,Premium group ka trade dekhna h 👇👇,-1002135264973,False,False,False,False
2026-04-16 06:21:20+00:00,nifty_banknifty_zero_to_hero1,"333 to 475

Kyu Aaya maza 😍🔥",-1002135264973,False,False,False,False
2026-04-16 06:15:23+00:00,nifty_banknifty_zero_to_hero1,"Sensex 78500 PE

Buy above 333

Tgt paid

Sl paid",-1002135264973,True,False,False,True
2026-04-16 06:01:52+00:00,nifty_banknifty_zero_to_hero1,Account handling work,-1002135264973,False,False,False,False
2026-04-16 05:38:44+00:00,nifty_banknifty_zero_to_hero1,"Check kro 

One more trade in premium group 


Buy 145

Profit booked 174


2nd target done 

Dear traders 

Dont waste your time and money with looser adviser 

Join our premium channel and start profitable trading",-1002135264973,True,False,True,False
2026-04-16 05:32:08+00:00,nifty_banknifty_zero_to_hero1,Premium group ka ak or  trade dekhoge 😅👇,-1002135264973,False,False,False,False
2026-04-16 04:53:18+00:00,nifty_banknifty_zero_to_hero1,"Check kro 

Same trade in premium group 

Full advance",-1002135264973,False,False,False,False
2026-04-16 04:53:11+00:00,nifty_banknifty_zero_to_hero1,50 points profit in 3 minute,-1002135264973,False,False,False,False
2026-04-16 04:51:13+00:00,nifty_banknifty_zero_to_hero1,"Sensex 78000 CE

Buy above 430

Target in paid group 

Sl in paid",-1002135264973,True,False,True,True
2026-04-16 04:25:32+00:00,nifty_banknifty_zero_to_hero1,"Kar diya miss 

Ek or trade in premium group 

Buy 380 

Profit booked 440 

2nd target done  

60 points profit done",-1002135264973,True,False,True,False
2026-04-16 04:03:25+00:00,nifty_banknifty_zero_to_hero1,"Check kro 

Same trade in premium group 

Market open hote hi trade 

Buy 380 

Profit booked 540 

160 points profit done 

All target done 

Dear traders 

Dont waste your time and money with looser adviser 

Join our premium channel and start profitable trading",-1002135264973,True,False,True,False
2026-04-16 03:53:13+00:00,nifty_banknifty_zero_to_hero1,Kesa laga morning  jackpot trade,-1002135264973,False,False,False,False
2026-04-16 03:47:21+00:00,nifty_banknifty_zero_to_hero1,"Sensex 78200 ce 

Buy above 420

Tgt paid 

Sl paid",-1002135264973,True,False,False,True
2026-04-16 03:36:42+00:00,nifty_banknifty_zero_to_hero1,"In sensex  fast entry and exit required  

Its big volitle index",-1002135264973,False,False,False,False
2026-04-16 03:36:33+00:00,nifty_banknifty_zero_to_hero1,Market opening  in positive  note,-1002135264973,False,False,False,False
2026-04-16 03:07:26+00:00,nifty_banknifty_zero_to_hero1,"Today sensex expiry  
Don't  miss ZERO to hero trade",-1002135264973,False,False,False,False
2026-04-15 15:04:06+00:00,nifty_banknifty_zero_to_hero1,Again take entry above high,-1002135264973,False,False,False,False
2026-04-15 15:02:40+00:00,nifty_banknifty_zero_to_hero1,"CRUDEOIL 8500 CE 
BUY ABOVE 260
TGT paid 
SL paid",-1002135264973,True,False,False,True
2026-04-15 14:36:11+00:00,nifty_banknifty_zero_to_hero1,"1 lac 13k++ profit done my premium member 

Power of premium group",-1002135264973,False,False,False,False
2026-04-15 14:35:54+00:00,nifty_banknifty_zero_to_hero1,"Crudeoil trade in our premium group 

Kar diya miss🙈🙈🙈

Buy 212

Profit booked @ 228 ❤️❤️❤️


Evening  session profit 

If you want level in all type of segments ..join premium premium channel",-1002135264973,True,False,False,False
2026-04-15 09:24:09+00:00,nifty_banknifty_zero_to_hero1,"Ese rangebound market me 

100 % ACCURACY  ki trade 

We provided",-1002135264973,False,False,False,False
2026-04-15 09:09:17+00:00,nifty_banknifty_zero_to_hero1,"**Based on the current option chain data and market movement, here is the analysis for Nifty and Bank Nifty

👇👇👇👇👇
​1. Nifty 50 Analysis

​Spot Price: 

Currently trading around 24,150 - 24,200.  

​PCR (Put-Call Ratio): The PCR has moved up from the bearish 0.7-0.8 range toward 1.05, indicating that put writing is increasing as traders gain confidence.

​Resistance (Calls): Heavy Open Interest (OI) is seen at 24,300 and 24,500. These will act as immediate hurdles for any further upside.


​Support (Puts): Strong support has shifted higher to the 24,000 level. As long as Nifty holds 24,000, the intraday bias remains positive.


​Max Pain: Calculated around the 24,100 strike.

​2. Bank Nifty Analysis
👇👇👇👇👇
​Spot Price: Trading strongly near 56,320, up over 1.2% today.
​Technical Setup: Bank Nifty is outperforming Nifty today, led by private banking heavyweights like ICICI Bank and Kotak Bank.**",-1002135264973,False,False,False,False
2026-04-15 08:54:30+00:00,nifty_banknifty_zero_to_hero1,"Till that exit in small profit 

Dont  want to take loss in premium decay",-1002135264973,False,False,False,False
2026-04-15 08:53:49+00:00,nifty_banknifty_zero_to_hero1,"Market in narrow range 

Again focus above 75",-1002135264973,False,False,False,False
2026-04-15 08:43:16+00:00,nifty_banknifty_zero_to_hero1,"SENSEX 79000 ce 

Buy above 70

Tgt paid 

Sl in paid",-1002135264973,True,False,False,True
2026-04-15 08:34:01+00:00,nifty_banknifty_zero_to_hero1,"Today's market in one range 

In this choppy market 
We provided minimum trade 

But sure shot trade",-1002135264973,False,False,False,False
2026-04-15 05:45:31+00:00,nifty_banknifty_zero_to_hero1,"Look look 

Same trade in our premium group 

Full advance level 

Buy 

360 

Profit booked 470 

100++ points profit done 

Kar diya miss 

Demo trade ka chakkar choro 
Our premium  join kro apne loss recover krne ke liye",-1002135264973,True,False,False,False
2026-04-15 05:40:11+00:00,nifty_banknifty_zero_to_hero1,Ye trade Humne apne premium  client ko 20 minute before diya tha,-1002135264973,False,False,False,False
2026-04-15 05:39:51+00:00,nifty_banknifty_zero_to_hero1,"Sensex  index need fast entry 

Its volitle index",-1002135264973,False,False,False,False
2026-04-15 05:37:09+00:00,nifty_banknifty_zero_to_hero1,"SENSEX 78100 PE
BUY ABOVE 394
Tgt paid 
Sl paid",-1002135264973,True,False,False,True
2026-04-15 04:44:57+00:00,nifty_banknifty_zero_to_hero1,"KAR DIYA MISS 

EK OR TRADE IN PREMIUM GROUP 

BUY 180 

PROFIT BOOKED 205 

25 POINTS AGAIN IN SIDEWAYS MARKET 

BACK TO BACK PROFITABLE TRADE 

DEAR TRADERS. DONT WASTE YOUR TIME AND MONEY WITH LOOSER ADVISER 
JOIN OUR  PREMIUM CHANNEL NOW AND START PROFITABLE TRADINg",-1002135264973,True,False,False,False
2026-04-15 04:10:08+00:00,nifty_banknifty_zero_to_hero1,"Look look 

Same trade in premium group 

Advance level  

And dot to dot analysis and update 

Buy 205 

Trade running  235 

Almost all target done

Thats power of our analysis 

If you want ..trade with right entry and exit Join our premium services now",-1002135264973,True,False,True,False
2026-04-15 04:04:30+00:00,nifty_banknifty_zero_to_hero1,Premium  group ka trade dekhoge,-1002135264973,False,False,False,False
2026-04-15 04:02:19+00:00,nifty_banknifty_zero_to_hero1,"All indian traders are thinking about ce side 

And all are trap  .

But we rockz again",-1002135264973,False,False,False,False
2026-04-15 03:59:34+00:00,nifty_banknifty_zero_to_hero1,"Kesa laga apna sure shot trade 

Itne kam volume me",-1002135264973,False,False,False,False
2026-04-15 03:54:30+00:00,nifty_banknifty_zero_to_hero1,Small profit par focus kre,-1002135264973,False,False,False,False
2026-04-15 03:54:24+00:00,nifty_banknifty_zero_to_hero1,Market me volume bahut kam h,-1002135264973,False,False,False,False
2026-04-15 03:53:12+00:00,nifty_banknifty_zero_to_hero1,"NIFTY 24200 PE

Buy above 200

Tgt paid 

Sl in paid",-1002135264973,True,False,False,True
2026-04-15 03:15:26+00:00,nifty_banknifty_zero_to_hero1,"Good morning 🌅🌄
Have a nice day ☺️",-1002135264973,False,False,False,False
